{
  "feature1": 0.14311768023713503,
  "feature2": 0.3421277543369578,
  "feature3": 0.14801604147120814
}