{
  "feature1": 0.1784336649508145,
  "feature2": 0.3450907972243653,
  "feature3": 0.1617694993021789
}