{
  "feature1": 0.17613190032058645,
  "feature2": 0.626811876789678,
  "feature3": 0.1970562228897356
}