{
  "feature1": 0.1415890907833336,
  "feature2": 0.3394242657656221,
  "feature3": 0.1507183287026682
}