{
  "feature1": 0.14063187355346574,
  "feature2": 0.3486481116008956,
  "feature3": 0.19691897992154342
}