{
  "feature1": 0.1442287915441747,
  "feature2": 0.342402935900832,
  "feature3": 0.14636724534838458
}