{
  "feature1": 0.19531900597920804,
  "feature2": 0.34436722635835904,
  "feature3": 0.18760846025911115
}