{
  "feature1": 0.18987926360402377,
  "feature2": 0.34870343581896984,
  "feature3": 0.18896678014671306
}