{
  "feature1": 0.14265755128467228,
  "feature2": 0.3421303333163996,
  "feature3": 0.1478839688892841
}