{
  "feature1": 0.17805222121539033,
  "feature2": 0.6221018719958918,
  "feature3": 0.1998459067887178
}