{
  "feature1": 0.17291632160613904,
  "feature2": 0.34797804093816515,
  "feature3": 0.1889451576433169
}