{
  "feature1": 0.14292234998894413,
  "feature2": 0.34175724677745334,
  "feature3": 0.14747752625355803
}