{
  "feature1": 0.14348168269334743,
  "feature2": 0.34289372813854363,
  "feature3": 0.14922024768135522
}