{
  "feature1": 0.18065485439192241,
  "feature2": 0.34972330575139965,
  "feature3": 0.17386717229985219
}