{
  "feature1": 0.20561989183247995,
  "feature2": 0.3507048917274045,
  "feature3": 0.21109899405713595
}