{
  "feature1": 0.14099961639375158,
  "feature2": 0.338706380451933,
  "feature3": 0.14870874869707149
}