{
  "feature1": 0.15476037783783966,
  "feature2": 0.34016604284112417,
  "feature3": 0.17650392730495806
}