{
  "feature1": 0.1446813379181414,
  "feature2": 0.34343984744359374,
  "feature3": 0.14754543083410193
}