{
  "feature1": 0.17829814050256473,
  "feature2": 0.3537261149672629,
  "feature3": 0.19518131884530693
}