{
  "feature1": 0.14352074014251806,
  "feature2": 0.34095659443459836,
  "feature3": 0.1438220706210075
}