{
  "feature1": 0.1414756094725864,
  "feature2": 0.3371305224883294,
  "feature3": 0.1477265670149426
}