{
  "feature1": 0.19145109692654264,
  "feature2": 0.350436768274319,
  "feature3": 0.1760994002936269
}