{
  "feature1": 0.19780305493881603,
  "feature2": 0.347487145271774,
  "feature3": 0.1978270222578151
}