{
  "feature1": 0.14140484868533434,
  "feature2": 0.34236675796420313,
  "feature3": 0.14863650589464614
}