{
  "feature1": 0.18739076915083686,
  "feature2": 0.36808653355965143,
  "feature3": 0.20309436602401984
}