{
  "feature1": 0.14133944757906483,
  "feature2": 0.33757572198655067,
  "feature3": 0.14797192055693797
}