{
  "feature1": 0.14292520311816365,
  "feature2": 0.33954822764159936,
  "feature3": 0.14917393479392035
}