{
  "feature1": 0.1906307678636648,
  "feature2": 0.3593851272372469,
  "feature3": 0.20036695982091923
}