{
  "feature1": 0.1437334499864782,
  "feature2": 0.3413293284133807,
  "feature3": 0.1495009075251845
}