{
  "feature1": 0.1795865819508477,
  "feature2": 0.34436131957499583,
  "feature3": 0.19356505762127538
}