{
  "feature1": 0.13986367183232606,
  "feature2": 0.33966776873079163,
  "feature3": 0.1491091836705975
}