{
  "feature1": 0.2101392942465108,
  "feature2": 0.3545286812884234,
  "feature3": 0.20661983169430886
}